Quarter,Year,Ratio Type,Value
2,2025,Outstanding Shares,15022.10048
1,2025,Outstanding Shares,15097.210982399998
4,2024,Outstanding Shares,15172.321484799999
3,2024,Outstanding Shares,15247.431987199998
2,2024,Outstanding Shares,15322.542489599999
2,2025,Dividend Yield,0.48
1,2025,Dividend Yield,0.48
4,2024,Dividend Yield,0.504
3,2024,Dividend Yield,0.45599999999999996
2,2024,Dividend Yield,0.48
