Event Type,Count,Average CAR,Median CAR,Std Dev
buyback,2,0.061627939993345066,0.061627939993345066,0.06578450949681759
dividend,2,-0.03927734631578622,-0.03927734631578622,0.06300123869770466
