event_type,avg_car,std_car,count,avg_car_percent,std_car_percent,t_stat,p_value
Buyback,0.05633211290582899,0.06749617634603479,12,5.634166666666666,6.7502490975361695,2.891129155239452,0.014676170064506496
