event_type,avg_car,std_car,count,avg_car_percent,std_car_percent,t_stat,p_value
Buyback,0.06228404893716865,0.05190482998846849,60,6.228666666666667,5.189208315133737,9.294899311744746,3.6972446840881583e-13
